[
  {
    "title": "Notts or Not?",
    "thumb": "pics/games/thumb-notts-or-not.png",
    "url": "/notts-or-not.html",
    "category": "Browser",
    "desc": "Is it in Notts, or not?"
  },  
  {
    "title": "How Old <i>is</i> he?",
    "thumb": "pics/games/thumb-hoih.gif",
    "url": "/how-old-is-he.html",
    "category": "Browser",
    "desc": "You'll never guess how old he is!"
  },
  {
    "title": "Vampire Survivors",
    "thumb": "pics/games/thumb-vampire-survivors.jpg",
    "url": "https://poncle.itch.io/vampire-survivors",
    "category": "Browser",
    "desc": ""
  },
  {
    "title": "Guardian Crosswords",
    "thumb": "pics/games/thumb-crosswords.png",
    "url": "https://www.theguardian.com/crosswords",
    "category": "Browser",
    "desc": ""
  }


]
