[
  {
    "title": "How Old <i>is</i> he?",
    "thumb": "pics/thumb-hoih.gif",
    "url": "https://www.bay12games.com/dwarves/",
    "category": "Browser",
    "desc": "You'll never guess how old he is!"
  },
  {
    "title": "Vampire Survivors",
    "thumb": "pics/games/thumb-vampire-survivors.jpg",
    "url": "https://poncle.itch.io/vampire-survivors",
    "category": "Browser",
    "desc": ""
  },
  {
    "title": "Guardian Crosswords",
    "thumb": "pics/games/thumb-crosswords.png",
    "url": "https://www.theguardian.com/crosswords",
    "category": "Browser",
    "desc": ""
  }


]
