[
  {
    "name": "Al Pacino",
    "knownFor": "1974 photo",
    "age": 34,
    "img": "pics/how-old-is-he/al-pacino-1974-photo.jpg"
  },
  {
    "name": "Alan Sugar",
    "knownFor": "2005 photo",
    "age": 58,
    "img": "pics/how-old-is-he/alan-sugar-2005-photo.jpg"
  },
  {
    "name": "Arnold Schwarzenegger",
    "knownFor": "1991 photo",
    "age": 44,
    "img": "pics/how-old-is-he/arnold-schwarzenegger-1991-photo.jpg"
  },
  {
    "name": "Barack Obama",
    "knownFor": "2009 photo",
    "age": 48,
    "img": "pics/how-old-is-he/barack-obama-2009-photo.jpg"
  },
  {
    "name": "Bill Clinton",
    "knownFor": "1993 photo",
    "age": 47,
    "img": "pics/how-old-is-he/bill-clinton-1993-photo.jpg"
  },
  {
    "name": "Bill Gates",
    "knownFor": "1995 photo",
    "age": 40,
    "img": "pics/how-old-is-he/bill-gates-1995-photo.jpg"
  },
  {
    "name": "Bill Murray",
    "knownFor": "1993 photo",
    "age": 43,
    "img": "pics/how-old-is-he/bill-murray-1993-photo.jpg"
  },
  {
    "name": "Billy Connolly",
    "knownFor": "1975 photo",
    "age": 33,
    "img": "pics/how-old-is-he/billy-connolly-1975-photo.jpg"
  },
  {
    "name": "Billy Connolly",
    "knownFor": "1994 photo",
    "age": 52,
    "img": "pics/how-old-is-he/billy-connolly-1994-photo.jpg"
  },
  {
    "name": "Bob Geldof",
    "knownFor": "2005 photo",
    "age": 54,
    "img": "pics/how-old-is-he/bob-geldof-2005-photo.jpg"
  },
  {
    "name": "Bob Hoskins",
    "knownFor": "1988 photo",
    "age": 46,
    "img": "pics/how-old-is-he/bob-hoskins-1988-photo.jpg"
  },
  {
    "name": "Bono",
    "knownFor": "1992 photo",
    "age": 32,
    "img": "pics/how-old-is-he/bono-1992-photo.jpg"
  },
  {
    "name": "Boris Johnson",
    "knownFor": "2008 photo",
    "age": 44,
    "img": "pics/how-old-is-he/boris-johnson-2008-photo.jpg"
  },
  {
    "name": "Boris Yeltsin",
    "knownFor": "1991 photo",
    "age": 60,
    "img": "pics/how-old-is-he/boris-yeltsin-1991-photo.jpg"
  },
  {
    "name": "Brian Blessed",
    "knownFor": "1980 photo",
    "age": 44,
    "img": "pics/how-old-is-he/brian-blessed-1980-photo.jpg"
  },
  {
    "name": "Brian Clough",
    "knownFor": "1979 photo",
    "age": 44,
    "img": "pics/how-old-is-he/brian-clough-1979-photo.jpg"
  },
  {
    "name": "Bruce Willis",
    "knownFor": "1988 photo",
    "age": 33,
    "img": "pics/how-old-is-he/bruce-willis-1988-photo.jpg"
  },
  {
    "name": "Bryan Ferry",
    "knownFor": "1982 photo",
    "age": 37,
    "img": "pics/how-old-is-he/bryan-ferry-1982-photo.jpg"
  },
  {
    "name": "Burt Reynolds",
    "knownFor": "1977 photo",
    "age": 41,
    "img": "pics/how-old-is-he/burt-reynolds-1977-photo.jpg"
  },
  {
    "name": "Clint Eastwood",
    "knownFor": "1971 photo",
    "age": 41,
    "img": "pics/how-old-is-he/clint-eastwood-1971-photo.jpg"
  },
  {
    "name": "Damon Hill",
    "knownFor": "1996 photo",
    "age": 36,
    "img": "pics/how-old-is-he/damon-hill-1996-photo.jpg"
  },
  {
    "name": "Daniel Craig",
    "knownFor": "2006 photo",
    "age": 38,
    "img": "pics/how-old-is-he/daniel-craig-2006-photo.jpg"
  },
  {
    "name": "David Bowie",
    "knownFor": "1983 photo",
    "age": 36,
    "img": "pics/how-old-is-he/david-bowie-1983-photo.jpg"
  },
  {
    "name": "David Hasselhoff",
    "knownFor": "1989 photo",
    "age": 37,
    "img": "pics/how-old-is-he/david-hasselhoff-1989-photo.jpg"
  },
  {
    "name": "Denzel Washington",
    "knownFor": "2001 photo",
    "age": 47,
    "img": "pics/how-old-is-he/denzel-washington-2001-photo.jpg"
  },
  {
    "name": "Des Lynam",
    "knownFor": "1989 photo",
    "age": 47,
    "img": "pics/how-old-is-he/des-lynam-1989-photo.jpg"
  },
  {
    "name": "Dolph Lundgren",
    "knownFor": "1985 photo",
    "age": 28,
    "img": "pics/how-old-is-he/dolph-lundgren-1985-photo.jpg"
  },
  {
    "name": "Elon Musk",
    "knownFor": "2002 photo",
    "age": 31,
    "img": "pics/how-old-is-he/elon-musk-2002-photo.jpg"
  },
  {
    "name": "Elton John",
    "knownFor": "1985 photo",
    "age": 38,
    "img": "pics/how-old-is-he/elton-john-1985-photo.jpg"
  },
  {
    "name": "Elvis Costello",
    "knownFor": "1980 photo",
    "age": 26,
    "img": "pics/how-old-is-he/elvis-costello-1980-photo.jpg"
  },
  {
    "name": "Eric Clapton",
    "knownFor": "1992 photo",
    "age": 47,
    "img": "pics/how-old-is-he/eric-clapton-1992-photo.jpg"
  },
  {
    "name": "Ewan McGregor",
    "knownFor": "1996 photo",
    "age": 25,
    "img": "pics/how-old-is-he/ewan-mcgregor-1996-photo.jpg"
  },
  {
    "name": "Freddie Mercury",
    "knownFor": "1985 photo",
    "age": 39,
    "img": "pics/how-old-is-he/freddie-mercury-1985-photo.jpg"
  },
  {
    "name": "Gary Lineker",
    "knownFor": "1990 photo",
    "age": 30,
    "img": "pics/how-old-is-he/gary-lineker-1990-photo.jpg"
  },
  {
    "name": "Geoff Capes",
    "knownFor": "1980 photo",
    "age": 31,
    "img": "pics/how-old-is-he/geoff-capes-1980-photo.jpg"
  },
  {
    "name": "George Harrison",
    "knownFor": "1987 photo",
    "age": 44,
    "img": "pics/how-old-is-he/george-harrison-1987-photo.jpg"
  },
  {
    "name": "George Michael",
    "knownFor": "1988 photo",
    "age": 25,
    "img": "pics/how-old-is-he/george-michael-1988-photo.jpg"
  },
  {
    "name": "George W. Bush",
    "knownFor": "2001 photo",
    "age": 55,
    "img": "pics/how-old-is-he/george-w.-bush-2001-photo.jpg"
  },
  {
    "name": "Gordon Brown",
    "knownFor": "2005 photo",
    "age": 54,
    "img": "pics/how-old-is-he/gordon-brown-2005-photo.jpg"
  },
  {
    "name": "Harrison Ford",
    "knownFor": "1981 photo",
    "age": 39,
    "img": "pics/how-old-is-he/harrison-ford-1981-photo.jpg"
  },
  {
    "name": "Hugh Grant",
    "knownFor": "1999 photo",
    "age": 39,
    "img": "pics/how-old-is-he/hugh-grant-1999-photo.jpg"
  },
  {
    "name": "Hulk Hogan",
    "knownFor": "1987 photo",
    "age": 34,
    "img": "pics/how-old-is-he/hulk-hogan-1987-photo.jpg"
  },
  {
    "name": "Ian Botham",
    "knownFor": "1981 photo",
    "age": 26,
    "img": "pics/how-old-is-he/ian-botham-1981-photo.jpg"
  },
  {
    "name": "Jack Nicholson",
    "knownFor": "1980 photo",
    "age": 43,
    "img": "pics/how-old-is-he/jack-nicholson-1980-photo.jpg"
  },
  {
    "name": "Jean-Claude Van Damme",
    "knownFor": "1988 photo",
    "age": 28,
    "img": "pics/how-old-is-he/jean-claude-van-damme-1988-photo.jpg"
  },
  {
    "name": "Jeff Bezos",
    "knownFor": "1997 photo",
    "age": 33,
    "img": "pics/how-old-is-he/jeff-bezos-1997-photo.jpg"
  },
  {
    "name": "Jeremy Clarkson",
    "knownFor": "2003 photo",
    "age": 43,
    "img": "pics/how-old-is-he/jeremy-clarkson-2003-photo.jpg"
  },
  {
    "name": "John Major",
    "knownFor": "1992 photo",
    "age": 49,
    "img": "pics/how-old-is-he/john-major-1992-photo.jpg"
  },
  {
    "name": "Keith Richards",
    "knownFor": "1989 photo",
    "age": 46,
    "img": "pics/how-old-is-he/keith-richards-1989-photo.jpg"
  },
  {
    "name": "Laurence Fishburne",
    "knownFor": "1999 photo",
    "age": 38,
    "img": "pics/how-old-is-he/laurence-fishburne-1999-photo.jpg"
  },
  {
    "name": "Lemmy",
    "knownFor": "1982 photo",
    "age": 37,
    "img": "pics/how-old-is-he/lemmy-1982-photo.jpg"
  },
  {
    "name": "Les Dennis",
    "knownFor": "1992 photo",
    "age": 39,
    "img": "pics/how-old-is-he/les-dennis-1992-photo.jpg"
  },
  {
    "name": "Liam Neeson",
    "knownFor": "1993 photo",
    "age": 41,
    "img": "pics/how-old-is-he/liam-neeson-1993-photo.jpg"
  },
  {
    "name": "Margaret Thatcher",
    "knownFor": "1984 photo",
    "age": 59,
    "img": "pics/how-old-is-he/margaret-thatcher-1984-photo.jpg"
  },
  {
    "name": "Mark Zuckerberg",
    "knownFor": "2012 photo",
    "age": 28,
    "img": "pics/how-old-is-he/mark-zuckerberg-2012-photo.jpg"
  },
  {
    "name": "Martin Clunes",
    "knownFor": "1994 photo",
    "age": 33,
    "img": "pics/how-old-is-he/martin-clunes-1994-photo.jpg"
  },
  {
    "name": "Mel Gibson",
    "knownFor": "1987 photo",
    "age": 31,
    "img": "pics/how-old-is-he/mel-gibson-1987-photo.jpg"
  },
  {
    "name": "Michael Caine",
    "knownFor": "1999 photo",
    "age": 66,
    "img": "pics/how-old-is-he/michael-caine-1999-photo.jpg"
  },
  {
    "name": "Mick Jagger",
    "knownFor": "1981 photo",
    "age": 38,
    "img": "pics/how-old-is-he/mick-jagger-1981-photo.jpg"
  },
  {
    "name": "Mike Tyson",
    "knownFor": "1986 photo",
    "age": 20,
    "img": "pics/how-old-is-he/mike-tyson-1986-photo.jpg"
  },
  {
    "name": "Morgan Freeman",
    "knownFor": "1994 photo",
    "age": 57,
    "img": "pics/how-old-is-he/morgan-freeman-1994-photo.jpg"
  },
  {
    "name": "Mr. T",
    "knownFor": "1982 photo",
    "age": 30,
    "img": "pics/how-old-is-he/mr.-t-1982-photo.jpg"
  },
  {
    "name": "Mr. T",
    "knownFor": "1983 photo",
    "age": 31,
    "img": "pics/how-old-is-he/mr.-t-1983-photo.jpg"
  },
  {
    "name": "Nick Berry",
    "knownFor": "1992 photo",
    "age": 29,
    "img": "pics/how-old-is-he/nick-berry-1992-photo.jpg"
  },
  {
    "name": "Nicolas Cage",
    "knownFor": "1997 photo",
    "age": 33,
    "img": "pics/how-old-is-he/nicolas-cage-1997-photo.jpg"
  },
  {
    "name": "Nigel Mansell",
    "knownFor": "1992 photo",
    "age": 39,
    "img": "pics/how-old-is-he/nigell-mansell-1992-photo.jpeg"
  },
  {
    "name": "Noel Edmonds",
    "knownFor": "1993 photo",
    "age": 45,
    "img": "pics/how-old-is-he/noel-edmonds-1993-photo.jpg"
  },
  {
    "name": "Ozzy Osbourne",
    "knownFor": "2002 photo",
    "age": 54,
    "img": "pics/how-old-is-he/ozzy-osbourne-2002-photo.jpg"
  },
  {
    "name": "Paul McCartney",
    "knownFor": "1976 photo",
    "age": 34,
    "img": "pics/how-old-is-he/paul-mccartney-1976-photo.jpg"
  },
  {
    "name": "Paul Weller",
    "knownFor": "1991 photo",
    "age": 33,
    "img": "pics/how-old-is-he/paul-weller-1991-photo.jpg"
  },
  {
    "name": "Peter Beardsley",
    "knownFor": "1990 photo",
    "age": 29,
    "img": "pics/how-old-is-he/peter-beardsley-1990-photo.jpg"
  },
  {
    "name": "Phil Collins",
    "knownFor": "1991 photo",
    "age": 40,
    "img": "pics/how-old-is-he/phil-collins-1991-photo.jpg"
  },
  {
    "name": "Pierce Brosnan",
    "knownFor": "1995 photo",
    "age": 42,
    "img": "pics/how-old-is-he/pierce-brosnan-1995-photo.jpg"
  },
  {
    "name": "Prince Andrew",
    "knownFor": "1982 photo",
    "age": 22,
    "img": "pics/how-old-is-he/prince-andrew-1982-photo.jpg"
  },
  {
    "name": "Prince Charles (King Charles III)",
    "knownFor": "1985 photo",
    "age": 37,
    "img": "pics/how-old-is-he/prince-charles-(king-charles-iii)-1985-photo.jpg"
  },
  {
    "name": "Prince William",
    "knownFor": "2011 photo",
    "age": 29,
    "img": "pics/how-old-is-he/prince-william-2011-photo.jpg"
  },
  {
    "name": "Richard Branson",
    "knownFor": "1984 photo",
    "age": 34,
    "img": "pics/how-old-is-he/richard-branson-1984-photo.jpg"
  },
  {
    "name": "Richard Hammond",
    "knownFor": "2005 photo",
    "age": 36,
    "img": "pics/how-old-is-he/richard-hammond-2005-photo.jpg"
  },
  {
    "name": "Richard Madeley",
    "knownFor": "1991 photo",
    "age": 35,
    "img": "pics/how-old-is-he/richard-madeley-1991-photo.jpg"
  },
  {
    "name": "Rick Parfitt",
    "knownFor": "1985 photo",
    "age": 37,
    "img": "pics/how-old-is-he/rick-parfitt-1985-photo.jpg"
  },
  {
    "name": "Ricky Gervais",
    "knownFor": "2001 photo",
    "age": 40,
    "img": "pics/how-old-is-he/ricky-gervais-2001-photo.jpg"
  },
  {
    "name": "Ringo Starr",
    "knownFor": "1989 photo",
    "age": 49,
    "img": "pics/how-old-is-he/ringo-starr-1989-photo.jpg"
  },
  {
    "name": "Robert De Niro",
    "knownFor": "1976 photo",
    "age": 33,
    "img": "pics/how-old-is-he/robert-deniro-1976-photo.jpg"
  },
  {
    "name": "Rowan Atkinson",
    "knownFor": "1990 photo",
    "age": 35,
    "img": "pics/how-old-is-he/rowan-atkinson-1990-photo.jpg"
  },
  {
    "name": "Russell Crowe",
    "knownFor": "2000 photo",
    "age": 36,
    "img": "pics/how-old-is-he/russell-crowe-2000-photo.jpg"
  },
  {
    "name": "Samuel L. Jackson",
    "knownFor": "1994 photo",
    "age": 46,
    "img": "pics/how-old-is-he/samuel-l.-jackson-1994-photo.jpg"
  },
  {
    "name": "Sean Bean",
    "knownFor": "1994 photo",
    "age": 35,
    "img": "pics/how-old-is-he/sean-bean-1994-photo.jpg"
  },
  {
    "name": "Sean Connery",
    "knownFor": "1983 photo",
    "age": 53,
    "img": "pics/how-old-is-he/sean-connery-1983-photo.jpg"
  },
  {
    "name": "Steve Davis",
    "knownFor": "1985 photo",
    "age": 28,
    "img": "pics/how-old-is-he/steve-davis-1985-photo.jpg"
  },
  {
    "name": "Steve Jobs",
    "knownFor": "2007 photo",
    "age": 52,
    "img": "pics/how-old-is-he/steve-jobs-2007-photo.jpg"
  },
  {
    "name": "Sting",
    "knownFor": "1984 photo",
    "age": 33,
    "img": "pics/how-old-is-he/sting-1984-photo.jpg"
  },
  {
    "name": "Sylvester Stallone",
    "knownFor": "1985 photo",
    "age": 39,
    "img": "pics/how-old-is-he/sylvester-stallone-1985-photo.jpg"
  },
  {
    "name": "Terry Wogan",
    "knownFor": "1987 photo",
    "age": 49,
    "img": "pics/how-old-is-he/terry-wogan-1987-photo.jpg"
  },
  {
    "name": "Tom Hanks",
    "knownFor": "1998 photo",
    "age": 42,
    "img": "pics/how-old-is-he/tom-hanks-1998-photo.jpg"
  },
  {
    "name": "Tom Selleck",
    "knownFor": "1982 photo",
    "age": 37,
    "img": "pics/how-old-is-he/tom-selleck-1982-photo.jpg"
  },
  {
    "name": "Tony Blair",
    "knownFor": "1997 photo",
    "age": 44,
    "img": "pics/how-old-is-he/tony-blair-1997-photo.jpg"
  },
  {
    "name": "Vladimir Putin",
    "knownFor": "2000 photo",
    "age": 48,
    "img": "pics/how-old-is-he/vladimir-putin-2000-photo.jpg"
  },
  {
    "name": "Wesley Snipes",
    "knownFor": "1998 photo",
    "age": 36,
    "img": "pics/how-old-is-he/wesley-snipes-1998-photo.jpg"
  }
]
