[
  { "img": "pics/notts-or-not/img/notts-or-not-001.jpg", "isNotts": true },
  { "img": "pics/notts-or-not/img/notts-or-not-002.jpg", "isNotts": true },
  { "img": "pics/notts-or-not/img/notts-or-not-003.jpg", "isNotts": true },
  { "img": "pics/notts-or-not/img/notts-or-not-004.jpg", "isNotts": true },
  { "img": "pics/notts-or-not/img/notts-or-not-005.jpg", "isNotts": true },
  { "img": "pics/notts-or-not/img/notts-or-not-006.jpg", "isNotts": true },
  { "img": "pics/notts-or-not/img/notts-or-not-007.jpg", "isNotts": true },
  { "img": "pics/notts-or-not/img/notts-or-not-008.jpg", "isNotts": true },
  { "img": "pics/notts-or-not/img/notts-or-not-009.jpg", "isNotts": true },
  { "img": "pics/notts-or-not/img/notts-or-not-010.jpg", "isNotts": true },
  { "img": "pics/notts-or-not/img/notts-or-not-011.jpg", "isNotts": true },
  { "img": "pics/notts-or-not/img/notts-or-not-012.jpg", "isNotts": true },

  { "img": "pics/notts-or-not/img/not-or-notts-001.jpg", "isNotts": false },
  { "img": "pics/notts-or-not/img/not-or-notts-002.jpg", "isNotts": false },
  { "img": "pics/notts-or-not/img/not-or-notts-003.jpg", "isNotts": false },
  { "img": "pics/notts-or-not/img/not-or-notts-004.jpg", "isNotts": false },
  { "img": "pics/notts-or-not/img/not-or-notts-005.jpg", "isNotts": false },
  { "img": "pics/notts-or-not/img/not-or-notts-006.jpg", "isNotts": false },
  { "img": "pics/notts-or-not/img/not-or-notts-007.jpg", "isNotts": false },
  { "img": "pics/notts-or-not/img/not-or-notts-008.jpg", "isNotts": false },
  { "img": "pics/notts-or-not/img/not-or-notts-009.jpg", "isNotts": false },
  { "img": "pics/notts-or-not/img/not-or-notts-010.jpg", "isNotts": false },
  { "img": "pics/notts-or-not/img/not-or-notts-011.jpg", "isNotts": false },
  { "img": "pics/notts-or-not/img/not-or-notts-012.jpg", "isNotts": false }
]
