[
  {
    "title": "Al Pacino – 1974 photo",
    "thumb": "pics/gallery/al-pacino-1974-photo.jpg",
    "url": "pics/gallery/al-pacino-1974-photo.jpg",
    "category": "How Old Is He",
    "desc": ""
  },
  {
    "title": "Robert De Niro – 1976 photo",
    "thumb": "pics/gallery/robert-deniro-1976-photo.jpg",
    "url": "pics/gallery/robert-deniro-1976-photo.jpg",
    "category": "How Old Is He",
    "desc": ""
  },
  {
    "title": "Jack Nicholson – 1980 photo",
    "thumb": "pics/gallery/jack-nicholson-1980-photo.jpg",
    "url": "pics/gallery/jack-nicholson-1980-photo.jpg",
    "category": "How Old Is He",
    "desc": ""
  }

]
