[
  {
    "title": "Swinging Chickens with Bruce Mitchell",
    "thumb": "https://img.youtube.com/vi/40PJBueiWCU/hqdefault.jpg",
    "url": "https://youtu.be/40PJBueiWCU",
    "category": "Cooking",
    "desc": ""
  },
    {
    "title": "Drunkest Person Ever - Space Odyssey and other Classical Music",
    "thumb": "https://img.youtube.com/vi/wNlYA9UxNOo/hqdefault.jpg",
    "url": "https://youtu.be/wNlYA9UxNOo",
    "category": "Funny",
    "desc": ""
  },
  
  {
    "title": "Sting - Englishman in New York",
    "thumb": "https://img.youtube.com/vi/rp-Oiu3TI60/hqdefault.jpg",
    "url": "https://youtu.be/rp-Oiu3TI60",
    "category": "Funny",
    "desc": ""
  },

  {
    "title": "Donny Benét – Back in the Studio: School's Out",
    "thumb": "https://img.youtube.com/vi/pBwqd5ZLTW8/hqdefault.jpg",
    "url": "https://youtu.be/pBwqd5ZLTW8",
    "category": "Music",
    "desc": ""
  },
  {
    "title": "Marimba Trio – Orpheus in the Underworld",
    "thumb": "https://img.youtube.com/vi/miFCWJDjL1w/hqdefault.jpg",
    "url": "https://youtu.be/miFCWJDjL1w",
    "category": "Music",
    "desc": ""
  },
  {
    "title": "Mini Jeep to Moab – Episode 1",
    "thumb": "https://img.youtube.com/vi/a8Bvy8wHD7g/hqdefault.jpg",
    "url": "https://youtu.be/a8Bvy8wHD7g",
    "category": "Adventure",
    "desc": ""
  },
  {
    "title": "Project Binky – Turbocharged 4WD Mini",
    "thumb": "https://img.youtube.com/vi/hViplB84We4/hqdefault.jpg",
    "url": "https://youtu.be/hViplB84We4",
    "category": "Cars",
    "desc": ""
  },
  {
    "title": "This Is The One Thing We Didn't Want To Happen",
    "thumb": "https://img.youtube.com/vi/1Q-U2THOF00/hqdefault.jpg",
    "url": "https://youtu.be/1Q-U2THOF00",
    "category": "Other",
    "desc": ""
  },
  {
    "title": "Stompin Nachos – Oklahoma Blood",
    "thumb": "https://img.youtube.com/vi/9AEaKpPmuzs/hqdefault.jpg",
    "url": "https://youtu.be/9AEaKpPmuzs",
    "category": "Music",
    "desc": ""
  },
  {
    "title": "Mujeres – Reyerta",
    "thumb": "https://img.youtube.com/vi/Qx4MBjl-bGc/hqdefault.jpg",
    "url": "https://youtu.be/Qx4MBjl-bGc",
    "category": "Music",
    "desc": ""
  },
  {
    "title": "mydick.mov",
    "thumb": "https://img.youtube.com/vi/BwokgguGuZM/hqdefault.jpg",
    "url": "https://youtu.be/BwokgguGuZM",
    "category": "Music",
    "desc": ""
  },
  {
    "title": "Lee Dorsey – Working in the Coal Mine",
    "thumb": "https://img.youtube.com/vi/UVmNJzM6LB8/hqdefault.jpg",
    "url": "https://youtu.be/UVmNJzM6LB8",
    "category": "Music",
    "desc": ""
  }
]
